junction_id,survey_date,hour,total_pcu
J01,2026-05-11,08,6353.5
J01,2026-05-11,09,10362.5
J01,2026-05-11,10,8758.5
J01,2026-05-11,11,7667.0
J01,2026-05-11,12,7786.0
J01,2026-05-11,13,6820.5
J01,2026-05-11,14,6538.0
J01,2026-05-11,15,6436.5
J01,2026-05-11,16,7228.0
J01,2026-05-11,17,7747.5
J01,2026-05-11,18,9058.0
J01,2026-05-11,19,8848.0
J01,2026-05-11,20,7346.0
J01,2026-05-11,21,6901.0
J01,2026-05-11,22,5996.5
J01,2026-05-11,23,4882.5
J01,2026-05-11,00,2914.0
J01,2026-05-11,01,1234.5
J01,2026-05-11,02,681.0
J01,2026-05-11,03,501.0
J01,2026-05-11,04,1260.5
J01,2026-05-11,05,2892.0
J01,2026-05-11,06,4402.5
J01,2026-05-11,07,5629.5
J02,2026-05-11,08,4676.5
J02,2026-05-11,09,6203.0
J02,2026-05-11,10,6146.0
J02,2026-05-11,11,5915.5
J02,2026-05-11,12,6362.5
J02,2026-05-11,13,6928.0
J02,2026-05-11,14,6389.0
J02,2026-05-11,15,5542.0
J02,2026-05-11,16,5583.0
J02,2026-05-11,17,5941.0
J02,2026-05-11,18,6741.5
J02,2026-05-11,19,6836.0
J02,2026-05-11,20,5872.0
J02,2026-05-11,21,5217.5
J02,2026-05-11,22,3897.0
J02,2026-05-11,23,2527.5
J02,2026-05-11,00,1723.0
J02,2026-05-11,01,1226.0
J02,2026-05-11,02,1022.5
J02,2026-05-11,03,1117.0
J02,2026-05-11,04,1606.5
J02,2026-05-11,05,2934.0
J02,2026-05-11,06,4249.0
J02,2026-05-11,07,4840.0
J03,2026-05-11,08,7056.0
J03,2026-05-11,09,8929.5
J03,2026-05-11,10,7438.5
J03,2026-05-11,11,6582.5
J03,2026-05-11,12,6560.5
J03,2026-05-11,13,5787.5
J03,2026-05-11,14,5570.5
J03,2026-05-11,15,5160.0
J03,2026-05-11,16,5484.0
J03,2026-05-11,17,6289.0
J03,2026-05-11,18,7322.0
J03,2026-05-11,19,6417.5
J03,2026-05-11,20,5230.5
J03,2026-05-11,21,4302.5
J03,2026-05-11,22,3516.0
J03,2026-05-11,23,3103.5
J03,2026-05-11,00,1869.0
J03,2026-05-11,01,1412.5
J03,2026-05-11,02,1087.5
J03,2026-05-11,03,1073.5
J03,2026-05-11,04,1367.5
J03,2026-05-11,05,1834.0
J03,2026-05-11,06,3017.5
J03,2026-05-11,07,5294.5
J03,2026-05-12,08,7127.0
J03,2026-05-12,09,9116.5
J03,2026-05-12,10,7590.0
J03,2026-05-12,11,6703.0
J03,2026-05-12,12,6694.5
J03,2026-05-12,13,5982.0
J03,2026-05-12,14,5707.5
J03,2026-05-12,15,5307.5
J03,2026-05-12,16,5620.5
J03,2026-05-12,17,6391.0
J03,2026-05-12,18,7459.5
J03,2026-05-12,19,6593.0
J03,2026-05-12,20,5422.0
J03,2026-05-12,21,4446.0
J03,2026-05-12,22,3563.0
J03,2026-05-12,23,2966.5
J03,2026-05-12,00,1889.0
J03,2026-05-12,01,1439.0
J03,2026-05-12,02,1103.0
J03,2026-05-12,03,1065.5
J03,2026-05-12,04,1392.0
J03,2026-05-12,05,1897.5
J03,2026-05-12,06,3043.0
J03,2026-05-12,07,5324.5
J04,2026-05-11,08,5677.0
J04,2026-05-11,09,7183.0
J04,2026-05-11,10,6750.5
J04,2026-05-11,11,6519.0
J04,2026-05-11,12,6373.0
J04,2026-05-11,13,5989.5
J04,2026-05-11,14,5654.0
J04,2026-05-11,15,5272.5
J04,2026-05-11,16,5534.5
J04,2026-05-11,17,6192.0
J04,2026-05-11,18,7072.5
J04,2026-05-11,19,6810.0
J04,2026-05-11,20,6059.0
J04,2026-05-11,21,4566.5
J04,2026-05-11,22,3903.0
J04,2026-05-11,23,2807.5
J04,2026-05-11,00,2053.5
J04,2026-05-11,01,1467.5
J04,2026-05-11,02,1111.0
J04,2026-05-11,03,1199.5
J04,2026-05-11,04,1578.0
J04,2026-05-11,05,2012.0
J04,2026-05-11,06,2827.0
J04,2026-05-11,07,4527.5
J04,2026-05-12,08,5708.5
J04,2026-05-12,09,7288.0
J04,2026-05-12,10,6851.0
J04,2026-05-12,11,6591.5
J04,2026-05-12,12,6498.0
J04,2026-05-12,13,6061.0
J04,2026-05-12,14,5747.5
J04,2026-05-12,15,5365.5
J04,2026-05-12,16,5616.5
J04,2026-05-12,17,6297.0
J04,2026-05-12,18,7194.5
J04,2026-05-12,19,6945.0
J04,2026-05-12,20,6163.0
J04,2026-05-12,21,4635.5
J04,2026-05-12,22,4002.0
J04,2026-05-12,23,2878.5
J04,2026-05-12,00,2075.5
J04,2026-05-12,01,1519.0
J04,2026-05-12,02,1093.0
J04,2026-05-12,03,1265.5
J04,2026-05-12,04,1595.0
J04,2026-05-12,05,2008.0
J04,2026-05-12,06,2819.0
J04,2026-05-12,07,4551.5
J05,2026-05-11,08,5252.5
J05,2026-05-11,09,6833.5
J05,2026-05-11,10,6341.5
J05,2026-05-11,11,6009.0
J05,2026-05-11,12,6068.0
J05,2026-05-11,13,5200.5
J05,2026-05-11,14,5039.5
J05,2026-05-11,15,4730.5
J05,2026-05-11,16,4938.0
J05,2026-05-11,17,5867.5
J05,2026-05-11,18,6893.5
J05,2026-05-11,19,6859.5
J05,2026-05-11,20,5779.0
J05,2026-05-11,21,4149.0
J05,2026-05-11,22,3262.5
J05,2026-05-11,23,2890.5
J05,2026-05-11,00,1772.5
J05,2026-05-11,01,1358.0
J05,2026-05-11,02,974.5
J05,2026-05-11,03,1271.5
J05,2026-05-11,04,1501.0
J05,2026-05-11,05,1933.0
J05,2026-05-11,06,2914.5
J05,2026-05-11,07,4517.0
J05,2026-05-12,08,5370.5
J05,2026-05-12,09,7067.5
J05,2026-05-12,10,6548.5
J05,2026-05-12,11,6217.5
J05,2026-05-12,12,6318.5
J05,2026-05-12,13,5375.5
J05,2026-05-12,14,5218.0
J05,2026-05-12,15,4910.5
J05,2026-05-12,16,5136.0
J05,2026-05-12,17,6042.5
J05,2026-05-12,18,7176.5
J05,2026-05-12,19,7123.0
J05,2026-05-12,20,5994.0
J05,2026-05-12,21,4325.0
J05,2026-05-12,22,3326.0
J05,2026-05-12,23,2921.5
J05,2026-05-12,00,1793.0
J05,2026-05-12,01,1363.5
J05,2026-05-12,02,996.5
J05,2026-05-12,03,1295.0
J05,2026-05-12,04,1525.5
J05,2026-05-12,05,2007.0
J05,2026-05-12,06,2958.0
J05,2026-05-12,07,4578.5
J06,2026-05-11,08,7102.0
J06,2026-05-11,09,8202.0
J06,2026-05-11,10,8201.0
J06,2026-05-11,11,8249.5
J06,2026-05-11,12,8480.5
J06,2026-05-11,13,7260.5
J06,2026-05-11,14,6780.0
J06,2026-05-11,15,6425.0
J06,2026-05-11,16,6467.0
J06,2026-05-11,17,7243.0
J06,2026-05-11,18,7990.0
J06,2026-05-11,19,8006.5
J06,2026-05-11,20,6650.0
J06,2026-05-11,21,5031.5
J06,2026-05-11,22,4075.0
J06,2026-05-11,23,3001.0
J06,2026-05-11,00,1910.5
J06,2026-05-11,01,1085.5
J06,2026-05-11,02,868.0
J06,2026-05-11,03,803.0
J06,2026-05-11,04,1153.5
J06,2026-05-11,05,1961.0
J06,2026-05-11,06,2976.5
J06,2026-05-11,07,4938.0
J06,2026-05-12,08,7199.5
J06,2026-05-12,09,8347.5
J06,2026-05-12,10,8365.5
J06,2026-05-12,11,8370.0
J06,2026-05-12,12,8616.0
J06,2026-05-12,13,7380.0
J06,2026-05-12,14,6921.5
J06,2026-05-12,15,6538.5
J06,2026-05-12,16,6570.0
J06,2026-05-12,17,7364.5
J06,2026-05-12,18,8127.5
J06,2026-05-12,19,8164.0
J06,2026-05-12,20,6777.0
J06,2026-05-12,21,5158.5
J06,2026-05-12,22,4133.0
J06,2026-05-12,23,3026.0
J06,2026-05-12,00,1910.0
J06,2026-05-12,01,1106.5
J06,2026-05-12,02,875.5
J06,2026-05-12,03,795.0
J06,2026-05-12,04,1162.5
J06,2026-05-12,05,2042.0
J06,2026-05-12,06,2969.5
J06,2026-05-12,07,4979.5
J07,2026-05-11,08,6302.5
J07,2026-05-11,09,8756.5
J07,2026-05-11,10,8947.5
J07,2026-05-11,11,7988.5
J07,2026-05-11,12,6832.0
J07,2026-05-11,13,5267.5
J07,2026-05-11,14,4645.0
J07,2026-05-11,15,5854.5
J07,2026-05-11,16,6863.0
J07,2026-05-11,17,6568.5
J07,2026-05-11,18,7090.5
J07,2026-05-11,19,7366.0
J07,2026-05-11,20,5076.0
J07,2026-05-11,21,2906.5
J07,2026-05-11,22,1070.0
J07,2026-05-11,23,701.0
J07,2026-05-11,00,217.5
J07,2026-05-11,01,133.0
J07,2026-05-11,02,153.5
J07,2026-05-11,03,160.5
J07,2026-05-11,04,296.5
J07,2026-05-11,05,802.5
J07,2026-05-11,06,2518.0
J07,2026-05-11,07,4684.0
J07,2026-05-12,08,6462.5
J07,2026-05-12,09,8957.5
J07,2026-05-12,10,9176.0
J07,2026-05-12,11,8227.5
J07,2026-05-12,12,7073.5
J07,2026-05-12,13,5421.5
J07,2026-05-12,14,4795.5
J07,2026-05-12,15,6030.0
J07,2026-05-12,16,7058.0
J07,2026-05-12,17,6768.0
J07,2026-05-12,18,7337.5
J07,2026-05-12,19,7615.5
J07,2026-05-12,20,5247.0
J07,2026-05-12,21,2981.0
J07,2026-05-12,22,1088.0
J07,2026-05-12,23,704.5
J07,2026-05-12,00,217.5
J07,2026-05-12,01,141.0
J07,2026-05-12,02,156.5
J07,2026-05-12,03,160.5
J07,2026-05-12,04,299.5
J07,2026-05-12,05,810.5
J07,2026-05-12,06,2593.0
J07,2026-05-12,07,4741.5
J08,2026-05-11,08,4779.0
J08,2026-05-11,09,6608.5
J08,2026-05-11,10,6404.0
J08,2026-05-11,11,5017.5
J08,2026-05-11,12,5928.0
J08,2026-05-11,13,5496.5
J08,2026-05-11,14,5128.0
J08,2026-05-11,15,4598.5
J08,2026-05-11,16,4424.0
J08,2026-05-11,17,4944.0
J08,2026-05-11,18,6059.0
J08,2026-05-11,19,5872.5
J08,2026-05-11,20,4355.0
J08,2026-05-11,21,3544.5
J08,2026-05-11,22,2910.0
J08,2026-05-11,23,2181.5
J08,2026-05-11,00,1728.5
J08,2026-05-11,01,1097.0
J08,2026-05-11,02,835.0
J08,2026-05-11,03,882.5
J08,2026-05-11,04,1156.0
J08,2026-05-11,05,1704.5
J08,2026-05-11,06,2296.0
J08,2026-05-11,07,3611.5
J08,2026-05-12,08,4951.0
J08,2026-05-12,09,6865.5
J08,2026-05-12,10,6631.5
J08,2026-05-12,11,5247.5
J08,2026-05-12,12,6157.5
J08,2026-05-12,13,5669.5
J08,2026-05-12,14,5302.5
J08,2026-05-12,15,4764.5
J08,2026-05-12,16,4598.5
J08,2026-05-12,17,5146.0
J08,2026-05-12,18,6311.5
J08,2026-05-12,19,6098.5
J08,2026-05-12,20,4532.0
J08,2026-05-12,21,3679.5
J08,2026-05-12,22,3013.5
J08,2026-05-12,23,2252.5
J08,2026-05-12,00,1735.5
J08,2026-05-12,01,1091.5
J08,2026-05-12,02,835.0
J08,2026-05-12,03,865.5
J08,2026-05-12,04,1153.5
J08,2026-05-12,05,1744.5
J08,2026-05-12,06,2399.5
J08,2026-05-12,07,3701.5
